                  epoch,         train/box_loss,         train/cls_loss,         train/dfl_loss,   metrics/precision(B),      metrics/recall(B),       metrics/mAP50(B),    metrics/mAP50-95(B),           val/box_loss,           val/cls_loss,           val/dfl_loss,                 lr/pg0,                 lr/pg1,                 lr/pg2
                      1,                 1.8826,                 2.7809,                 2.3188,                0.00333,                      1,                0.06522,                0.01981,                 1.3666,                 3.5732,                 2.7766,                  2e-05,                  2e-05,                  2e-05
                      2,                 1.5654,                 2.6652,                 2.0487,                0.00333,                      1,                0.09951,                0.04225,                 1.2895,                 3.5201,                 2.6461,              4.812e-05,              4.812e-05,              4.812e-05
                      3,                 1.4988,                 2.6671,                 2.0044,                0.00333,                      1,                0.40453,                0.18695,                 1.1316,                 3.4335,                 2.5161,               6.04e-05,               6.04e-05,               6.04e-05
                      4,                 1.4304,                 2.5334,                 1.9535,                0.00333,                      1,                0.72409,                0.40867,                 1.0124,                 3.3738,                 2.3814,              5.684e-05,              5.684e-05,              5.684e-05
                      5,                 1.3945,                 2.5265,                 1.9898,                0.00333,                      1,                0.85042,                0.53848,                0.97361,                 3.3624,                 2.2647,              3.744e-05,              3.744e-05,              3.744e-05
